Date Time,Time,NO_ref,NO2_ref,Nox_ref,NO_p1,NO2_p1,Nox_p1,NO_gen
05/01/26 ,03:01,0.086,-1.021,-0.935,0,0,0,0
05/01/26 ,03:02,-0.045,-0.867,-0.912,0,0,0,0
05/01/26 ,03:03,0.532,-1.352,-0.82,0,0,0,0
05/01/26 ,03:04,0.728,-2.36,-1.632,0,0,0,0
05/01/26 ,03:05,1.611,-2.583,-0.972,0,0,0,0
05/01/26 ,03:06,1.032,-1.583,-0.551,0,0,0,0
05/01/26 ,03:07,0.613,-0.808,-0.195,0,0,0,0
05/01/26 ,03:08,Samp<,#VALUE!,Samp<,0,0,0,0
05/01/26 ,03:09,Samp<,#VALUE!,Samp<,0,0,0,0
05/01/26 ,03:10,0.408,-1.139,-0.731,0,0,0,0
05/01/26 ,03:11,0.836,-1.922,-1.086,0,0,0,0
05/01/26 ,03:12,0.711,-0.533,0.178,0,0,0,0
05/01/26 ,03:13,0.787,0.75,1.537,0,0,0,0
05/01/26 ,03:14,0.345,0.674,1.019,0,0,0,0
05/01/26 ,03:15,0.054,0.529,0.583,Samp<,#VALUE!,Samp<,0
05/01/26 ,03:16,-0.646,0.63,-0.016,-0.735,-0.393,-1.128,0
05/01/26 ,03:17,-0.331,0.222,-0.109,-0.9,-1,-1.9,0
05/01/26 ,03:18,1.235,-1.595,-0.36,-0.883,-1.017,-1.9,0
05/01/26 ,03:19,1.603,-1.697,-0.094,-0.8,-1.048,-1.848,0
05/01/26 ,03:20,1.363,-0.229,1.134,-0.8,-1,-1.8,0
05/01/26 ,03:21,1.226,0.23,1.456,-0.817,-0.983,-1.8,0
05/01/26 ,03:22,0.191,-0.011,0.18,-0.9,-0.9,-1.8,0
05/01/26 ,03:23,-0.73,0.15,-0.58,-0.9,-0.9,-1.8,0
05/01/26 ,03:24,-0.091,-0.267,-0.358,-0.95,-0.85,-1.8,0
05/01/26 ,03:25,1.059,-1.565,-0.506,-1.052,-0.713,-1.765,0
05/01/26 ,03:26,1.328,-1.249,0.079,-1.1,-0.7,-1.8,0
05/01/26 ,03:27,Samp<,#VALUE!,Samp<,-1.1,-0.755,-1.855,0
05/01/26 ,03:28,-0.344,0.47,0.126,-1.1,-0.8,-1.9,0
05/01/26 ,03:29,-0.418,0.672,0.254,-1.1,-0.853,-1.953,0
05/01/26 ,03:30,-0.696,0.116,-0.58,-1.1,-0.9,-2,0
05/01/26 ,03:31,-0.726,0.064,-0.662,-1.138,-0.862,-2,0
05/01/26 ,03:32,-0.742,-0.015,-0.757,-1.1,-0.9,-2,0
05/01/26 ,03:33,-0.405,-0.037,-0.442,-1.1,-0.9,-2,0
05/01/26 ,03:34,0.062,0.413,0.475,-1.1,-0.9,-2,0
05/01/26 ,03:35,-0.274,0.572,0.298,-1.118,-0.882,-2,0
05/01/26 ,03:36,-0.844,0.427,-0.417,-1.2,-0.852,-2.052,0
05/01/26 ,03:37,-1.129,0.087,-1.042,-1.2,-0.9,-2.1,0
05/01/26 ,03:38,-0.48,-0.339,-0.819,-1.115,-0.9,-2.015,0
05/01/26 ,03:39,0.146,-0.291,-0.145,-1.118,-0.977,-2.095,0
05/01/26 ,03:40,0.069,-0.302,-0.233,-1.2,-0.933,-2.133,0
05/01/26 ,03:41,-0.298,0.269,-0.029,-1.182,-0.918,-2.1,0
05/01/26 ,03:42,-0.258,-0.371,-0.629,-1.133,-0.967,-2.1,0
05/01/26 ,03:43,-0.294,-0.405,-0.699,-1.1,-1,-2.1,0
05/01/26 ,03:44,-0.58,0.259,-0.321,-1.118,-1,-2.118,0
05/01/26 ,03:45,-0.428,-0.064,-0.492,-1.182,-1.018,-2.2,0
05/01/26 ,03:46,-0.313,-0.54,-0.853,-1.185,-0.93,-2.115,0
05/01/26 ,03:47,-0.42,0.038,-0.382,-1.182,-0.975,-2.157,0
05/01/26 ,03:48,-0.46,0.239,-0.221,-1.152,-1.03,-2.182,0
05/01/26 ,03:49,-0.999,0.303,-0.696,-1.2,-0.9,-2.1,0
05/01/26 ,03:50,-0.449,-0.132,-0.581,-1.2,-0.9,-2.1,0
05/01/26 ,03:51,-0.169,-0.364,-0.533,-1.143,-0.957,-2.1,0
05/01/26 ,03:52,-0.508,0.021,-0.487,-1.1,-1,-2.1,0
05/01/26 ,03:53,-0.356,-0.259,-0.615,-1.1,-1,-2.1,0
05/01/26 ,03:54,-0.092,-0.266,-0.358,-1.1,-1,-2.1,0
05/01/26 ,03:55,0.278,-0.311,-0.033,-1.1,-1,-2.1,0
05/01/26 ,03:56,-0.473,0.178,-0.295,-1.1,-1,-2.1,0
05/01/26 ,03:57,-0.448,-0.096,-0.544,-1.1,-1,-2.1,0
05/01/26 ,03:58,-0.759,-0.638,-1.397,-1.15,-1.033,-2.183,0
05/01/26 ,03:59,-1.174,-0.569,-1.743,-1.2,-1,-2.2,0
05/01/26 ,04:00,0.515,-0.728,-0.213,-1.2,-1,-2.2,0
05/01/26 ,04:01,1.331,-1.372,-0.041,-1.183,-1.034,-2.217,0
05/01/26 ,04:02,-0.355,0.479,0.124,-1.1,-1.117,-2.217,0
05/01/26 ,04:03,-0.675,1.599,0.924,-1.1,-1.1,-2.2,0
05/01/26 ,04:04,-0.839,1.224,0.385,-1.167,-1.016,-2.183,0
05/01/26 ,04:05,-1.636,1.118,-0.518,-1.083,-0.965,-2.048,0
05/01/26 ,04:06,-0.989,-0.125,-1.114,-1.067,-0.916,-1.983,0
05/01/26 ,04:07,-0.708,-0.799,-1.507,-1,-0.883,-1.883,0
05/01/26 ,04:08,-0.071,-0.392,-0.463,-1,-0.883,-1.883,0
05/01/26 ,04:09,0.128,-0.057,0.071,-1,-0.847,-1.847,0
05/01/26 ,04:10,-0.289,0.647,0.358,-0.95,-0.85,-1.8,0
05/01/26 ,04:11,-1.017,1.02,0.003,-0.848,-0.952,-1.8,0
05/01/26 ,04:12,-1.149,0.499,-0.65,-0.883,-0.934,-1.817,0
05/01/26 ,04:13,-1.963,0.473,-1.49,-0.92,-0.98,-1.9,0
05/01/26 ,04:14,0.831,-0.743,0.088,-0.887,-0.753,-1.64,samp
05/01/26 ,04:15,25.557,5.964,31.521,34.572,17.731,52.303,samp
05/01/26 ,04:16,48.157,37.444,85.601,44.683,57.284,101.967,samp
05/01/26 ,04:17,48.955,65.378,114.333,53.152,69.88,123.032,samp
05/01/26 ,04:18,75.915,63.487,139.402,109.983,42.617,152.6,samp
05/01/26 ,04:19,120.564,38.429,158.993,149.06,19.658,168.718,samp
05/01/26 ,04:20,154.779,16.768,171.547,165.5,8.21700000000001,173.717,180
05/01/26 ,04:21,167.771,7.69200000000001,175.463,167.067,7.18299999999999,174.25,180
05/01/26 ,04:22,175.047,3.53,178.577,169.45,6.01700000000002,175.467,180
05/01/26 ,04:23,177.032,3.18899999999999,180.221,171.953,4.684,176.637,180
05/01/26 ,04:24,177.715,3.66299999999998,181.378,174.75,3.15000000000001,177.9,180
05/01/26 ,04:25,177.843,3.12700000000001,180.97,176.928,1.90000000000001,178.828,180
05/01/26 ,04:26,177.757,1.71099999999998,179.468,180.05,0.0829999999999984,180.133,180
05/01/26 ,04:27,177.634,1.84800000000001,179.482,181.717,-0.880000000000024,180.837,180
05/01/26 ,04:28,178.905,0.613,179.518,182.433,-1,181.433,180
05/01/26 ,04:29,180.059,-0.594999999999999,179.464,182.677,-1.10999999999999,181.567,180
05/01/26 ,04:30,179.566,0.617999999999995,180.184,182.64,-1.23999999999998,181.4,180
05/01/26 ,04:31,179.239,1.14099999999999,180.38,183.125,-1.745,181.38,180
05/01/26 ,04:32,179.1,0.831999999999994,179.932,183.582,-2.21899999999999,181.363,180
05/01/26 ,04:33,178.656,0.967999999999989,179.624,183.608,-2.345,181.263,180
05/01/26 ,04:34,178.758,0.800999999999988,179.559,183.855,-3.14999999999998,180.705,180
05/01/26 ,04:35,179.005,0.340000000000003,179.345,184.265,-4.07499999999999,180.19,180
05/01/26 ,04:36,179.543,0.147999999999996,179.691,184.212,-3.827,180.385,180
05/01/26 ,04:37,179.523,0.88900000000001,180.412,184.157,-3.71900000000002,180.438,180
05/01/26 ,04:38,179.573,0.878999999999991,180.452,184.045,-3.493,180.552,180
05/01/26 ,04:39,178.854,0.719999999999999,179.574,183.845,-3.32499999999999,180.52,180
05/01/26 ,04:40,178.791,0.795999999999992,179.587,183.6,-3.005,180.595,180
05/01/26 ,04:41,179.229,0.826999999999998,180.056,183.527,-2.33199999999999,181.195,180
05/01/26 ,04:42,178.889,0.328999999999979,179.218,183.343,-2.268,181.075,180
05/01/26 ,04:43,178.769,0.049999999999983,178.819,183.8,-3.25200000000001,180.548,180
05/01/26 ,04:44,179.322,0.381,179.703,183.833,-3.38800000000001,180.445,180
05/01/26 ,04:45,179.573,0.603999999999985,180.177,183.78,-3.58000000000001,180.2,180
05/01/26 ,04:46,179.711,0.475999999999999,180.187,184.14,-3.90699999999998,180.233,180
05/01/26 ,04:47,179.392,0.429000000000002,179.821,184.243,-4.06299999999999,180.18,180
05/01/26 ,04:48,179.336,0.0909999999999798,179.427,184.303,-3.79300000000001,180.51,180
05/01/26 ,04:49,179.657,0.176999999999993,179.834,184.325,-3.35199999999998,180.973,180
05/01/26 ,04:50,179.746,0.343999999999994,180.09,184.37,-2.99700000000001,181.373,180
05/01/26 ,04:51,180.273,0.216000000000008,180.489,184.568,-2.83000000000001,181.738,180
05/01/26 ,04:52,180.696,0.272999999999996,180.969,184.697,-2.86000000000001,181.837,180
05/01/26 ,04:53,180.357,0.494,180.851,184.512,-2.61199999999999,181.9,180
05/01/26 ,04:54,179.796,0.109000000000009,179.905,184.3,-2.47,181.83,180
05/01/26 ,04:55,179.912,-0.230000000000018,179.682,184.278,-2.74799999999999,181.53,180
05/01/26 ,04:56,180.386,-0.343999999999994,180.042,184.843,-3.51299999999998,181.33,180
05/01/26 ,04:57,180.518,-0.408999999999992,180.109,185.277,-4.112,181.165,180
05/01/26 ,04:58,180.341,-0.111999999999995,180.229,184.963,-3.905,181.058,180
05/01/26 ,04:59,179.526,0.592999999999989,180.119,185,-3.852,181.148,180
05/01/26 ,05:00,179.702,0.521000000000015,180.223,185.088,-4.143,180.945,180
05/01/26 ,05:01,179.767,0.688000000000017,180.455,185.545,-4.89699999999999,180.648,180
05/01/26 ,05:02,180.022,0.527000000000015,180.549,185.523,-4.75299999999999,180.77,180
05/01/26 ,05:03,180.638,0.311999999999983,180.95,185.277,-4.17699999999999,181.1,180
05/01/26 ,05:04,180.064,0.480999999999995,180.545,185.255,-3.43299999999999,181.822,180
05/01/26 ,05:05,179.984,0.807999999999993,180.792,185.633,-3.86600000000001,181.767,180
05/01/26 ,05:06,180.257,0.566000000000003,180.823,185.755,-3.79999999999998,181.955,180
05/01/26 ,05:07,179.824,0.798999999999978,180.623,185.788,-3.57500000000002,182.213,180
05/01/26 ,05:08,179.682,0.660000000000025,180.342,185.703,-3.31800000000001,182.385,180
05/01/26 ,05:09,179.39,0.428000000000026,179.818,185.7,-3.243,182.457,180
05/01/26 ,05:10,179.782,-0.105000000000018,179.677,185.582,-3.392,182.19,180
05/01/26 ,05:11,180.031,0.620999999999981,180.652,185.393,-3.626,181.767,180
05/01/26 ,05:12,179.876,0.592999999999989,180.469,185.287,-3.28700000000001,182,180
05/01/26 ,05:13,180.022,0.490000000000009,180.512,185.493,-3.43799999999999,182.055,180
05/01/26 ,05:14,179.998,0.790000000000021,180.788,185.903,-3.59999999999999,182.303,180
05/01/26 ,05:15,179.803,0.756,180.559,186.013,-3.68299999999999,182.33,180
05/01/26 ,05:16,179.909,0.602000000000004,180.511,186.322,-4.30700000000002,182.015,180
05/01/26 ,05:17,179.926,0.119,180.045,186.418,-4.46800000000002,181.95,180
05/01/26 ,05:18,179.545,0.361000000000018,179.906,186.533,-4.851,181.682,180
05/01/26 ,05:19,180.184,0.253000000000014,180.437,186.443,-4.881,181.562,180
05/01/26 ,05:20,180.126,0.597000000000008,180.723,186.382,-4.88499999999999,181.497,180
05/01/26 ,05:21,179.529,0.951999999999998,180.481,186.037,-4.82500000000002,181.212,180
05/01/26 ,05:22,179.323,0.46599999999998,179.789,185.627,-4.077,181.55,180
05/01/26 ,05:23,179.557,0.225999999999999,179.783,185.358,-3.33799999999999,182.02,180
05/01/26 ,05:24,179.993,-0.138000000000005,179.855,185.248,-3.245,182.003,180
05/01/26 ,05:25,180.023,-0.105999999999995,179.917,185.082,-3.01900000000001,182.063,180
05/01/26 ,05:26,180.156,-0.0790000000000077,180.077,184.778,-2.80799999999999,181.97,180
05/01/26 ,05:27,180.146,0.624000000000024,180.77,184.795,-2.60199999999998,182.193,180
05/01/26 ,05:28,180.277,0.521000000000015,180.798,184.8,-2.315,182.485,180
05/01/26 ,05:29,179.567,0.195999999999998,179.763,184.63,-2.37299999999999,182.257,180
05/01/26 ,05:30,179.192,0.129999999999995,179.322,184.245,-2.42699999999999,181.818,180
05/01/26 ,05:31,179.324,0.22399999999999,179.548,184.18,-2.18700000000001,181.993,180
05/01/26 ,05:32,179.593,0.325000000000017,179.918,184.167,-2,182.167,180
05/01/26 ,05:33,179.639,0.661999999999978,180.301,184.112,-2.09999999999999,182.012,180
05/01/26 ,05:34,179.876,0.314999999999998,180.191,184.067,-2.559,181.508,180
05/01/26 ,05:35,179.338,0.747000000000014,180.085,184.032,-2.619,181.413,180
05/01/26 ,05:36,178.944,0.221000000000004,179.165,184.34,-2.822,181.518,180
05/01/26 ,05:37,178.902,0.186000000000007,179.088,184.6,-3.077,181.523,180
05/01/26 ,05:38,179.866,0.275999999999982,180.142,184.682,-3.31899999999999,181.363,180
05/01/26 ,05:39,180.31,0.449999999999989,180.76,184.575,-3.09799999999998,181.477,180
05/01/26 ,05:40,179.716,-0.0730000000000075,179.643,184.53,-3.19999999999999,181.33,180
05/01/26 ,05:41,179.639,0.304000000000002,179.943,184.538,-3.28100000000001,181.257,180
05/01/26 ,05:42,179.691,0.457999999999998,180.149,184.482,-3.25200000000001,181.23,180
05/01/26 ,05:43,179.154,0.525000000000006,179.679,184.4,-3.31700000000001,181.083,180
05/01/26 ,05:44,178.774,0.784999999999997,179.559,184.263,-3.393,180.87,180
05/01/26 ,05:45,179.488,-0.0180000000000007,179.47,184.277,-3.27699999999999,181,180
05/01/26 ,05:46,179.975,-0.626999999999981,179.348,184.222,-3.25200000000001,180.97,180
05/01/26 ,05:47,179.692,-0.453000000000003,179.239,184.67,-3.29999999999998,181.37,180
05/01/26 ,05:48,179.756,0.0440000000000111,179.8,184.733,-3.07500000000002,181.658,180
05/01/26 ,05:49,179.548,0.331999999999994,179.88,184.895,-2.857,182.038,180
05/01/26 ,05:50,179.564,0.275000000000006,179.839,184.918,-2.76300000000001,182.155,180
05/01/26 ,05:51,179.311,0.325999999999993,179.637,184.868,-2.72,182.148,180
05/01/26 ,05:52,179.892,-0.170999999999992,179.721,185.077,-3.184,181.893,180
05/01/26 ,05:53,179.986,-0.212999999999994,179.773,184.982,-3.262,181.72,180
05/01/26 ,05:54,180.096,-0.0240000000000009,180.072,184.367,-2.785,181.582,180
05/01/26 ,05:55,180.316,0.379999999999995,180.696,184.287,-2.93899999999999,181.348,180
05/01/26 ,05:56,180.07,0.326999999999998,180.397,184.188,-2.86999999999998,181.318,180
05/01/26 ,05:57,179.819,-0.0339999999999918,179.785,184.518,-3.08099999999999,181.437,180
05/01/26 ,05:58,179.381,0.564999999999998,179.946,184.548,-2.96299999999999,181.585,180
05/01/26 ,05:59,179.382,0.335999999999984,179.718,184.348,-2.66600000000003,181.682,180
05/01/26 ,06:00,179.458,0.338999999999999,179.797,184.348,-2.66000000000003,181.688,180
05/01/26 ,06:01,179.715,0.448000000000008,180.163,184.482,-2.59999999999999,181.882,180
05/01/26 ,06:02,180.236,0.209000000000003,180.445,185.018,-3.118,181.9,180
05/01/26 ,06:03,180.267,0.598000000000013,180.865,184.925,-3.05200000000002,181.873,180
05/01/26 ,06:04,179.952,0.762000000000001,180.714,184.767,-2.38200000000001,182.385,180
05/01/26 ,06:05,179.639,0.671999999999997,180.311,184.723,-2.57500000000002,182.148,180
05/01/26 ,06:06,180.118,-0.0169999999999959,180.101,184.97,-2.648,182.322,180
05/01/26 ,06:07,180.268,-0.675000000000011,179.593,185.19,-2.67699999999999,182.513,180
05/01/26 ,06:08,180.319,-0.389999999999986,179.929,184.975,-2.71799999999999,182.257,180
05/01/26 ,06:09,180.361,0.0860000000000127,180.447,184.607,-2.625,181.982,180
05/01/26 ,06:10,180.66,0.425000000000011,181.085,184.692,-2.83199999999999,181.86,180
05/01/26 ,06:11,180.016,0.729000000000013,180.745,184.898,-3.286,181.612,180
05/01/26 ,06:12,179.642,0.651000000000011,180.293,185.183,-3.03100000000001,182.152,180
05/01/26 ,06:13,179.994,0.342000000000013,180.336,185.125,-3.13200000000001,181.993,180
05/01/26 ,06:14,180.142,-0.228999999999985,179.913,185.103,-3.45100000000002,181.652,180
05/01/26 ,06:15,180.432,0.035000000000025,180.467,185.427,-3.45699999999999,181.97,180
05/01/26 ,06:16,180.512,0.317000000000007,180.829,185.803,-3.87299999999999,181.93,180
05/01/26 ,06:17,180.29,0.417000000000002,180.707,185.705,-3.71200000000002,181.993,180
05/01/26 ,06:18,180.241,0.266999999999996,180.508,185.87,-3.43000000000001,182.44,180
05/01/26 ,06:19,179.537,0.593999999999994,180.131,185.805,-3.227,182.578,180
05/01/26 ,06:20,179.9,0.519000000000006,180.419,185.815,-2.89699999999999,182.918,180
05/01/26 ,06:21,180.391,0.361000000000018,180.752,185.7,-2.92699999999999,182.773,180
05/01/26 ,06:22,180.335,0.139999999999986,180.475,185.855,-3.185,182.67,180
05/01/26 ,06:23,180.031,0.402999999999992,180.434,185.887,-3.08699999999999,182.8,180
05/01/26 ,06:24,180.26,0.427999999999997,180.688,185.903,-3.27599999999998,182.627,180
05/01/26 ,06:25,179.845,0.474999999999994,180.32,185.83,-3.60000000000002,182.23,180
05/01/26 ,06:26,179.712,0.374000000000024,180.086,185.837,-3.85499999999999,181.982,180
05/01/26 ,06:27,179.469,0.445999999999998,179.915,186.088,-4.14499999999998,181.943,180
05/01/26 ,06:28,179.983,0.701999999999998,180.685,186.5,-4.29300000000001,182.207,180
05/01/26 ,06:29,180.509,0.563000000000017,181.072,186.47,-4.09299999999999,182.377,180
05/01/26 ,06:30,180.535,0.0310000000000059,180.566,186.597,-4.267,182.33,180
05/01/26 ,06:31,180.139,0.21599999999998,180.355,186.437,-4.22400000000002,182.213,180
05/01/26 ,06:32,180.351,0.490000000000009,180.841,186.448,-4.16300000000001,182.285,180
05/01/26 ,06:33,179.882,0.751999999999981,180.634,186.52,-4.27000000000001,182.25,180
05/01/26 ,06:34,179.675,0.125,179.8,186.312,-4.48500000000001,181.827,180
05/01/26 ,06:35,179.738,-0.461999999999989,179.276,186.007,-4.53900000000002,181.468,180
05/01/26 ,06:36,179.543,-0.26400000000001,179.279,185.648,-4.48499999999999,181.163,180
05/01/26 ,06:37,179.858,0.165999999999997,180.024,185.945,-4.637,181.308,180
05/01/26 ,06:38,180.217,0.605999999999995,180.823,186.097,-4.749,181.348,180
05/01/26 ,06:39,179.356,0.788000000000011,180.144,185.755,-4.643,181.112,180
05/01/26 ,06:40,179.209,0.506,179.715,185.36,-4.20200000000003,181.158,180
05/01/26 ,06:41,178.941,0.60499999999999,179.546,185.252,-3.739,181.513,180
05/01/26 ,06:42,179.116,0.309999999999974,179.426,185.385,-3.74799999999999,181.637,180
05/01/26 ,06:43,179.656,-0.444000000000017,179.212,185.287,-3.56200000000001,181.725,180
05/01/26 ,06:44,179.9,-0.294000000000011,179.606,185.093,-3.441,181.652,180
05/01/26 ,06:45,179.847,0.459000000000003,180.306,184.95,-3.268,181.682,180
05/01/26 ,06:46,179.755,0.617999999999995,180.373,185.167,-3.452,181.715,180
05/01/26 ,06:47,179.322,0.424000000000007,179.746,185.277,-3.88999999999999,181.387,180
05/01/26 ,06:48,179.329,0.0929999999999893,179.422,185.148,-3.76300000000001,181.385,180
05/01/26 ,06:49,179.586,0.025999999999982,179.612,184.932,-3.589,181.343,180
05/01/26 ,06:50,179.457,0.0550000000000068,179.512,184.582,-3.12699999999998,181.455,180
05/01/26 ,06:51,179.228,0.197999999999979,179.426,184.63,-3.143,181.487,180
05/01/26 ,06:52,179.029,0.445999999999998,179.475,184.693,-3.345,181.348,180
05/01/26 ,06:53,179.227,0.603999999999985,179.831,184.562,-3.149,181.413,180
05/01/26 ,06:54,179.468,0.295000000000016,179.763,184.467,-2.834,181.633,180
05/01/26 ,06:55,179.25,0.288000000000011,179.538,184.543,-2.893,181.65,180
05/01/26 ,06:56,179.509,0,179.509,184.463,-2.50799999999998,181.955,180
05/01/26 ,06:57,179.629,0.27000000000001,179.899,184.45,-2.268,182.182,180
05/01/26 ,06:58,179.557,0.591000000000008,180.148,184.493,-2.22299999999998,182.27,180
05/01/26 ,06:59,179.857,0.448000000000008,180.305,184.49,-2.07500000000002,182.415,180
05/01/26 ,07:00,180.38,0.328000000000003,180.708,184.43,-1.89000000000001,182.54,180
05/01/26 ,07:01,179.761,0.51400000000001,180.275,184.318,-1.52500000000001,182.793,180
05/01/26 ,07:02,179.541,0.495000000000005,180.036,184.437,-1.46700000000001,182.97,180
05/01/26 ,07:03,179.261,0.376000000000005,179.637,184.882,-1.94499999999999,182.937,180
05/01/26 ,07:04,179.745,0.150000000000006,179.895,184.978,-2.53300000000002,182.445,180
05/01/26 ,07:05,180.266,-0.00100000000000477,180.265,185.188,-2.86999999999998,182.318,180
05/01/26 ,07:06,180.265,0.0170000000000243,180.282,185.437,-2.88500000000002,182.552,180
05/01/26 ,07:07,179.984,0.131,180.115,185.675,-3.11800000000002,182.557,180
05/01/26 ,07:08,180.383,-0.306000000000012,180.077,186.073,-3.42100000000002,182.652,180
05/01/26 ,07:09,180.089,-0.191000000000003,179.898,186.332,-3.709,182.623,180
05/01/26 ,07:10,179.888,0.0550000000000068,179.943,186.482,-3.779,182.703,180
05/01/26 ,07:11,179.814,-0.144000000000005,179.67,186.343,-3.31099999999998,183.032,180
05/01/26 ,07:12,180.156,-0.165999999999997,179.99,186.163,-3.13600000000002,183.027,180
05/01/26 ,07:13,179.919,0.239999999999981,180.159,186.1,-3.31799999999998,182.782,180
05/01/26 ,07:14,179.834,0.468999999999994,180.303,186.145,-3.393,182.752,180
05/01/26 ,07:15,179.549,0.412000000000006,179.961,185.833,-3.14599999999999,182.687,180
05/01/26 ,07:16,179.221,0.842999999999989,180.064,185.9,-3.517,182.383,180
05/01/26 ,07:17,178.798,0.770999999999987,179.569,185.77,-3.64000000000002,182.13,180
05/01/26 ,07:18,171.764,0.760999999999996,172.525,166.62,-1.91300000000001,164.707,119
05/01/26 ,07:19,138.851,0.908999999999992,139.76,121.71,0,121.71,119
05/01/26 ,07:20,119.601,0.483000000000004,120.084,122.9,0,122.9,119
05/01/26 ,07:21,119.135,1.29899999999999,120.434,122.02,-1.928,120.092,119
05/01/26 ,07:22,118.183,1.45399999999999,119.637,122.183,-3.61600000000001,118.567,119
05/01/26 ,07:23,117.88,1.515,119.395,122.203,-3.351,118.852,119
05/01/26 ,07:24,117.89,0.554999999999993,118.445,122.3,-3.30199999999999,118.998,119
05/01/26 ,07:25,118.193,-0.515999999999991,117.677,122.44,-3.2,119.24,119
05/01/26 ,07:26,119.606,-0.718999999999994,118.887,122.7,-3.13500000000001,119.565,119
05/01/26 ,07:27,120.192,-0.527999999999992,119.664,122.667,-2.867,119.8,119
05/01/26 ,07:28,119.106,0.859999999999999,119.966,122.267,-2.05,120.217,119
05/01/26 ,07:29,118.353,1.63900000000001,119.992,122.25,-1.8,120.45,119
05/01/26 ,07:30,118.549,-0.117000000000004,118.432,122.233,-1.866,120.367,119
05/01/26 ,07:31,117.885,-0.0220000000000056,117.863,122.13,-1.89699999999999,120.233,119
05/01/26 ,07:32,118.781,0.0259999999999963,118.807,121.897,-1.7,120.197,119
05/01/26 ,07:33,118.754,-0.0820000000000078,118.672,121.893,-1.848,120.045,119
05/01/26 ,07:34,118.702,0.680000000000007,119.382,122.018,-2.188,119.83,119
05/01/26 ,07:35,118.587,0.262999999999991,118.85,122.238,-2.73099999999999,119.507,119
05/01/26 ,07:36,118.736,0.0300000000000011,118.766,122.097,-2.952,119.145,119
05/01/26 ,07:37,118.478,0.315000000000012,118.793,121.943,-2.81,119.133,119
05/01/26 ,07:38,119.196,0.537000000000006,119.733,121.882,-2.837,119.045,119
05/01/26 ,07:39,119.284,0.36999999999999,119.654,121.762,-3.09399999999999,118.668,119
05/01/26 ,07:40,118.482,-0.00600000000000023,118.476,121.63,-2.997,118.633,119
05/01/26 ,07:41,118.324,0.344999999999999,118.669,121.638,-3.15600000000001,118.482,119
05/01/26 ,07:42,118.756,-0.0430000000000064,118.713,121.6,-3.18499999999999,118.415,119
05/01/26 ,07:43,117.997,0.198999999999998,118.196,121.675,-3.357,118.318,119
05/01/26 ,07:44,118.092,0.296000000000007,118.388,121.888,-3.485,118.403,119
05/01/26 ,07:45,118.136,0.37700000000001,118.513,122.102,-3.42700000000001,118.675,119
05/01/26 ,07:46,118.372,0.691999999999993,119.064,121.985,-3.17,118.815,119
05/01/26 ,07:47,118.446,0.560000000000002,119.006,122.02,-3.453,118.567,119
05/01/26 ,07:48,118.238,0.408000000000001,118.646,121.815,-3.352,118.463,119
05/01/26 ,07:49,118.305,0.364999999999995,118.67,121.688,-3.175,118.513,119
05/01/26 ,07:50,118.303,0.0619999999999976,118.365,121.452,-2.752,118.7,119
05/01/26 ,07:51,118.044,-0.0849999999999938,117.959,121.443,-2.80499999999999,118.638,119
05/01/26 ,07:52,117.81,-0.176000000000002,117.634,121.503,-2.985,118.518,119
05/01/26 ,07:53,118.154,-0.210999999999999,117.943,121.618,-2.99499999999999,118.623,119
05/01/26 ,07:54,118.221,-0.254000000000005,117.967,121.578,-2.741,118.837,119
05/01/26 ,07:55,118.063,0.301999999999993,118.365,121.362,-2.44399999999999,118.918,119
05/01/26 ,07:56,118.075,-0.0460000000000065,118.029,121.692,-2.70699999999999,118.985,119
05/01/26 ,07:57,117.518,0.474999999999994,117.993,121.787,-2.63000000000001,119.157,119
05/01/26 ,07:58,117.565,0.543000000000006,118.108,121.412,-2.12400000000001,119.288,119
05/01/26 ,07:59,117.905,-0.0120000000000005,117.893,121.287,-1.82400000000001,119.463,119
05/01/26 ,08:00,118.662,-0.581000000000003,118.081,121.167,-1.682,119.485,119
05/01/26 ,08:01,118.763,-0.462000000000003,118.301,121.275,-1.81800000000001,119.457,119
05/01/26 ,08:02,118.402,-0.097999999999999,118.304,121.382,-1.91500000000001,119.467,119
05/01/26 ,08:03,118.609,0.426000000000002,119.035,121.167,-1.752,119.415,119
05/01/26 ,08:04,118.516,0.0789999999999935,118.595,120.967,-1.685,119.282,119
05/01/26 ,08:05,117.885,0.424999999999997,118.31,121.142,-2.122,119.02,119
05/01/26 ,08:06,117.7,0.228999999999999,117.929,121.322,-2.54000000000001,118.782,119
05/01/26 ,08:07,118.108,-0.307000000000002,117.801,121.418,-2.58000000000001,118.838,119
05/01/26 ,08:08,118.697,-0.575000000000003,118.122,121.737,-2.88499999999999,118.852,119
05/01/26 ,08:09,118.518,0.168999999999997,118.687,121.605,-2.78,118.825,119
05/01/26 ,08:10,118.974,0.323999999999998,119.298,121.755,-3.08799999999999,118.667,119
05/01/26 ,08:11,118.972,0.0510000000000019,119.023,121.902,-3.24,118.662,119
05/01/26 ,08:12,117.984,0.313000000000002,118.297,121.53,-2.827,118.703,119
05/01/26 ,08:13,118.123,0.334999999999994,118.458,121.357,-2.40000000000001,118.957,119
05/01/26 ,08:14,118.532,0.344000000000008,118.876,121.363,-2.26000000000001,119.103,119
05/01/26 ,08:15,119.022,-0.650000000000006,118.372,121.237,-2.169,119.068,119
05/01/26 ,08:16,119.141,-0.00100000000000477,119.14,121.515,-2.682,118.833,119
05/01/26 ,08:17,119.089,0.861999999999995,119.951,121.488,-2.608,118.88,119
05/01/26 ,08:18,118.609,0.651000000000011,119.26,121.803,-2.803,119,119
05/01/26 ,08:19,118.731,0.456000000000003,119.187,121.995,-2.938,119.057,119
05/01/26 ,08:20,118.877,0.25200000000001,119.129,121.863,-2.881,118.982,119
05/01/26 ,08:21,118.729,-0.0930000000000035,118.636,121.743,-2.895,118.848,119
05/01/26 ,08:22,118.766,0.656999999999997,119.423,121.548,-2.726,118.822,119
05/01/26 ,08:23,118.861,1.771,120.632,121.657,-2.444,119.213,119
05/01/26 ,08:24,118.351,0.972999999999999,119.324,121.582,-2.3,119.282,119
05/01/26 ,08:25,118.562,0.686999999999998,119.249,121.638,-2.30600000000001,119.332,119
05/01/26 ,08:26,118.729,0.552999999999997,119.282,121.518,-2.08499999999999,119.433,119
05/01/26 ,08:27,118.565,0.378,118.943,121.738,-2.408,119.33,119
05/01/26 ,08:28,118.715,0.262999999999991,118.978,121.958,-2.636,119.322,119
05/01/26 ,08:29,119.285,-0.328999999999994,118.956,122.18,-2.66000000000001,119.52,119
05/01/26 ,08:30,119.014,-0.0439999999999969,118.97,122.385,-3.08800000000001,119.297,119
05/01/26 ,08:31,118.993,0.818000000000012,119.811,122.4,-3.238,119.162,119
05/01/26 ,08:32,119.111,0.381999999999991,119.493,122.215,-3.11800000000001,119.097,119
05/01/26 ,08:33,118.084,0.150999999999996,118.235,122.338,-3.31999999999999,119.018,119
05/01/26 ,08:34,118.308,-0.25500000000001,118.053,122.455,-2.842,119.613,119
05/01/26 ,08:35,118.865,0.0650000000000119,118.93,122.6,-2.69999999999999,119.9,119
05/01/26 ,08:36,118.942,0.0970000000000084,119.039,122.77,-2.952,119.818,119
05/01/26 ,08:37,118.723,0.424000000000007,119.147,122.762,-2.649,120.113,119
05/01/26 ,08:38,118.891,0.60799999999999,119.499,122.852,-2.685,120.167,119
05/01/26 ,08:39,118.516,0.795999999999992,119.312,123.013,-2.833,120.18,119
05/01/26 ,08:40,118.288,0.995000000000005,119.283,122.982,-2.752,120.23,119
05/01/26 ,08:41,118.234,0.494,118.728,122.962,-3.125,119.837,119
05/01/26 ,08:42,118.283,0.337000000000003,118.62,122.948,-3.67299999999999,119.275,119
05/01/26 ,08:43,118.633,-0.0549999999999926,118.578,122.655,-3.768,118.887,119
05/01/26 ,08:44,118.443,0.114000000000004,118.557,122.43,-3.76700000000001,118.663,119
05/01/26 ,08:45,118.224,0.613,118.837,122.182,-3.56400000000001,118.618,119
05/01/26 ,08:46,118.679,0.188000000000002,118.867,122.033,-3.54000000000001,118.493,119
05/01/26 ,08:47,118.337,0.390999999999991,118.728,122.177,-4.009,118.168,119
05/01/26 ,08:48,118.285,0.269000000000005,118.554,121.908,-4.096,117.812,119
05/01/26 ,08:49,118.582,-0.36699999999999,118.215,121.487,-3.542,117.945,119
05/01/26 ,08:50,118.532,-0.640000000000001,117.892,121.415,-3.182,118.233,119
05/01/26 ,08:51,117.868,-0.259999999999991,117.608,121.318,-3.005,118.313,119
05/01/26 ,08:52,118.167,0.0699999999999932,118.237,121.382,-2.967,118.415,119
05/01/26 ,08:53,118.47,0.128,118.598,121.283,-2.96300000000001,118.32,119
05/01/26 ,08:54,118.404,0.0589999999999975,118.463,121.082,-2.75999999999999,118.322,119
05/01/26 ,08:55,118.192,-0.0259999999999963,118.166,121.068,-2.566,118.502,119
05/01/26 ,08:56,117.896,-0.201999999999998,117.694,121.452,-3.119,118.333,119
05/01/26 ,08:57,117.894,-0.162000000000006,117.732,121.557,-3.255,118.302,119
05/01/26 ,08:58,117.961,0.156999999999996,118.118,121.482,-3.467,118.015,119
05/01/26 ,08:59,118.056,0.494,118.55,121.348,-3.21599999999999,118.132,119
05/01/26 ,09:00,118.447,0.403999999999996,118.851,121.23,-2.92700000000001,118.303,119
05/01/26 ,09:01,118.047,0.513000000000005,118.56,121.327,-2.845,118.482,119
05/01/26 ,09:02,117.504,0.22399999999999,117.728,121.363,-2.86,118.503,119
05/01/26 ,09:03,117.895,-0.396000000000001,117.499,121.225,-2.81299999999999,118.412,119
05/01/26 ,09:04,118.007,0.0609999999999928,118.068,121.1,-2.89999999999999,118.2,119
05/01/26 ,09:05,118.19,0.552000000000007,118.742,120.93,-2.72800000000001,118.202,119
05/01/26 ,09:06,117.96,0.684000000000012,118.644,121.07,-3.243,117.827,119
05/01/26 ,09:07,117.763,0.748999999999995,118.512,121,-3.173,117.827,119
05/01/26 ,09:08,118.441,0.576999999999998,119.018,120.952,-2.955,117.997,119
05/01/26 ,09:09,117.935,0.334999999999994,118.27,121.043,-3.22500000000001,117.818,119
05/01/26 ,09:10,117.638,0.24499999999999,117.883,121.17,-3.185,117.985,119
05/01/26 ,09:11,118.062,-0.156999999999996,117.905,121.483,-3.37,118.113,119
05/01/26 ,09:12,117.972,0.372,118.344,121.687,-3.41499999999999,118.272,119
05/01/26 ,09:13,118.434,0.106000000000009,118.54,121.837,-3.24900000000001,118.588,119
05/01/26 ,09:14,118.774,-0.085000000000008,118.689,122.155,-3.407,118.748,119
05/01/26 ,09:15,118.405,0.384,118.789,122.15,-3.28,118.87,119
05/01/26 ,09:16,118.071,0.798000000000002,118.869,121.882,-2.712,119.17,119
05/01/26 ,09:17,118.142,0.310000000000002,118.452,121.838,-2.48599999999999,119.352,119
05/01/26 ,09:18,118.476,0.111999999999995,118.588,121.818,-2.536,119.282,119
05/01/26 ,09:19,118.595,0.301000000000002,118.896,121.92,-2.563,119.357,119
05/01/26 ,09:20,118.125,0.644000000000006,118.769,121.785,-2.50699999999999,119.278,119
05/01/26 ,09:21,118.766,0.59899999999999,119.365,122.013,-2.83800000000001,119.175,119
05/01/26 ,09:22,119.203,0.164000000000001,119.367,122.458,-3.191,119.267,119
05/01/26 ,09:23,118.85,0.12700000000001,118.977,122.693,-3.505,119.188,119
05/01/26 ,09:24,119.054,-0.207000000000008,118.847,122.897,-4.015,118.882,119
05/01/26 ,09:25,118.652,0.307000000000002,118.959,122.702,-3.902,118.8,119
05/01/26 ,09:26,118.983,0.137,119.12,122.382,-3.512,118.87,119
05/01/26 ,09:27,119.172,0.070999999999998,119.243,122.325,-3.307,119.018,119
05/01/26 ,09:28,118.869,0.159999999999997,119.029,122.008,-2.95999999999999,119.048,119
05/01/26 ,09:29,118.314,0.618000000000009,118.932,121.625,-2.663,118.962,119
05/01/26 ,09:30,118.063,1.02799999999999,119.091,121.43,-2.44500000000001,118.985,119
05/01/26 ,09:31,118.52,0.347999999999999,118.868,121.338,-2.011,119.327,119
05/01/26 ,09:32,119.283,-0.409999999999997,118.873,121.422,-1.907,119.515,119
05/01/26 ,09:33,118.918,0.285999999999987,119.204,121.545,-2.24,119.305,119
05/01/26 ,09:34,118.817,0.534000000000006,119.351,121.3,-1.982,119.318,119
05/01/26 ,09:35,118.76,0.802999999999997,119.563,121.432,-2.22,119.212,119
05/01/26 ,09:36,118.946,0.159999999999997,119.106,121.703,-2.61800000000001,119.085,119
05/01/26 ,09:37,118.346,0.197000000000003,118.543,121.857,-2.77500000000001,119.082,119
05/01/26 ,09:38,118.266,0.402999999999992,118.669,122,-3.185,118.815,119
05/01/26 ,09:39,118.625,0.117000000000004,118.742,121.862,-2.96199999999999,118.9,119
05/01/26 ,09:40,119.056,-0.253999999999991,118.802,121.937,-2.88199999999999,119.055,119
05/01/26 ,09:41,119.261,-0.199999999999989,119.061,122.118,-2.97499999999999,119.143,119
05/01/26 ,09:42,118.744,0.713999999999999,119.458,122.3,-3.03,119.27,119
05/01/26 ,09:43,118.273,1.01000000000001,119.283,122.22,-2.788,119.432,119
05/01/26 ,09:44,118.54,0.378,118.918,122.03,-2.378,119.652,119
05/01/26 ,09:45,118.167,0.789999999999992,118.957,121.937,-2.33199999999999,119.605,119
05/01/26 ,09:46,118.297,0.400999999999996,118.698,122.085,-2.26299999999999,119.822,119
05/01/26 ,09:47,118.603,0.0190000000000055,118.622,121.898,-2.11099999999999,119.787,119
05/01/26 ,09:48,118.087,0.206000000000003,118.293,121.393,-1.575,119.818,119
05/01/26 ,09:49,118.041,0.600999999999999,118.642,121.105,-1.26700000000001,119.838,119
05/01/26 ,09:50,118.555,0.175999999999988,118.731,121.033,-1.625,119.408,119
05/01/26 ,09:51,118.178,0.207999999999998,118.386,121.193,-1.893,119.3,119
05/01/26 ,09:52,118.311,0.242999999999995,118.554,121.4,-2.22200000000001,119.178,119
05/01/26 ,09:53,118.689,-0.153999999999996,118.535,121.4,-2.45700000000001,118.943,119
05/01/26 ,09:54,118.09,0.602999999999994,118.693,121.485,-2.655,118.83,119
05/01/26 ,09:55,117.882,0.977999999999994,118.86,121.538,-2.913,118.625,119
05/01/26 ,09:56,117.756,0.789000000000002,118.545,121.652,-3.06700000000001,118.585,119
05/01/26 ,09:57,117.685,0.692999999999998,118.378,121.525,-2.81200000000001,118.713,119
05/01/26 ,09:58,117.882,0.278999999999996,118.161,121.193,-2.563,118.63,119
05/01/26 ,09:59,117.938,0.0259999999999963,117.964,120.907,-2.30499999999999,118.602,119
05/01/26 ,10:00,118.209,-0.445999999999998,117.763,120.8,-2.41799999999999,118.382,119
05/01/26 ,10:01,118.255,-0.233999999999995,118.021,120.662,-2.28700000000001,118.375,119
05/01/26 ,10:02,118.338,-0.0189999999999912,118.319,120.818,-2.373,118.445,119
05/01/26 ,10:03,118.258,0.329999999999998,118.588,120.8,-2.48699999999999,118.313,119
05/01/26 ,10:04,118.02,0.525000000000006,118.545,120.952,-2.467,118.485,119
05/01/26 ,10:05,117.62,0.772999999999996,118.393,120.9,-2.248,118.652,119
05/01/26 ,10:06,117.686,0.325999999999993,118.012,121.222,-2.50399999999999,118.718,119
05/01/26 ,10:07,117.475,-0.0769999999999982,117.398,121.277,-2.42,118.857,119
05/01/26 ,10:08,118.032,-0.198999999999998,117.833,121.37,-2.337,119.033,119
05/01/26 ,10:09,118.181,0.274000000000001,118.455,121.438,-2.501,118.937,119
05/01/26 ,10:10,118.22,0.531000000000006,118.751,121.23,-2.13000000000001,119.1,119
05/01/26 ,10:11,118.127,0.504000000000005,118.631,121.35,-2.155,119.195,119
05/01/26 ,10:12,117.893,0.516999999999996,118.41,121.53,-2.38200000000001,119.148,119
05/01/26 ,10:13,117.559,0.677000000000007,118.236,121.325,-2.26300000000001,119.062,119
05/01/26 ,10:14,118.135,0.379999999999995,118.515,121.422,-2.47499999999999,118.947,119
05/01/26 ,10:15,119.133,-0.933999999999998,118.199,121.57,-2.71799999999999,118.852,119
05/01/26 ,10:16,119.138,-0.903000000000006,118.235,121.2,-2.233,118.967,119
05/01/26 ,10:17,118.891,-0.00800000000000978,118.883,121.117,-2.27000000000001,118.847,119
05/01/26 ,10:18,118.963,0.0480000000000018,119.011,121.233,-2.43300000000001,118.8,119
05/01/26 ,10:19,119.266,0.201999999999998,119.468,121.42,-2.42,119,119
05/01/26 ,10:20,116.129,0.340999999999994,116.47,108.767,3.233,112,119
05/01/26 ,10:21,95.378,1.553,96.931,79.853,0,79.853,78
05/01/26 ,10:22,79.18,-0.27600000000001,78.904,80.333,-0.316000000000003,80.017,78
05/01/26 ,10:23,79.832,-1.517,78.315,80.617,-1.952,78.665,78
05/01/26 ,10:24,78.466,0.388000000000005,78.854,80.767,-2.03399999999999,78.733,78
05/01/26 ,10:25,78.155,1.372,79.527,80.81,-2.11,78.7,78
05/01/26 ,10:26,77.859,1.16200000000001,79.021,80.783,-2.09999999999999,78.683,78
05/01/26 ,10:27,77.407,1.59,78.997,80.68,-2.152,78.528,78
05/01/26 ,10:28,77.624,0.481999999999999,78.106,80.687,-2.117,78.57,78
05/01/26 ,10:29,78.091,-0.662999999999997,77.428,80.768,-2.03,78.738,78
05/01/26 ,10:30,79.086,-0.424999999999997,78.661,80.73,-1.94800000000001,78.782,78
05/01/26 ,10:31,78.766,0.427999999999997,79.194,80.613,-1.98099999999999,78.632,78
05/01/26 ,10:32,78.479,1.249,79.728,80.667,-2.117,78.55,78
05/01/26 ,10:33,78.217,1.76300000000001,79.98,80.8,-2.252,78.548,78
05/01/26 ,10:34,77.095,1.316,78.411,81.033,-2.43300000000001,78.6,78
05/01/26 ,10:35,77.416,0.266000000000005,77.682,81.057,-2.57000000000001,78.487,78
05/01/26 ,10:36,78.277,-0.274000000000001,78.003,81.16,-2.877,78.283,78
05/01/26 ,10:37,78.817,-0.481999999999999,78.335,81.047,-2.84699999999999,78.2,78
05/01/26 ,10:38,78.533,-0.256,78.277,80.968,-2.703,78.265,78
05/01/26 ,10:39,78.646,0,78.646,80.962,-2.837,78.125,78
05/01/26 ,10:40,78.294,0.362000000000009,78.656,80.963,-2.878,78.085,78
05/01/26 ,10:41,78.209,0.338999999999999,78.548,80.555,-2.47500000000001,78.08,78
05/01/26 ,10:42,78.086,0.117000000000004,78.203,80.245,-1.875,78.37,78
05/01/26 ,10:43,78.031,0.138999999999996,78.17,80.093,-1.675,78.418,78
05/01/26 ,10:44,78.443,0.097999999999999,78.541,80.385,-1.88500000000001,78.5,78
05/01/26 ,10:45,78.695,0.218000000000004,78.913,80.268,-1.73,78.538,78
05/01/26 ,10:46,78.921,0.620999999999995,79.542,79.945,-1.41199999999999,78.533,78
05/01/26 ,10:47,78.514,0.625,79.139,79.8,-1.205,78.595,78
05/01/26 ,10:48,78.535,0.207000000000008,78.742,79.952,-1.37,78.582,78
05/01/26 ,10:49,77.916,-0.182999999999993,77.733,79.938,-1.51300000000001,78.425,78
05/01/26 ,10:50,77.87,0.47399999999999,78.344,79.863,-1.36,78.503,78
05/01/26 ,10:51,78.113,0.661000000000001,78.774,79.775,-1.35000000000001,78.425,78
05/01/26 ,10:52,78.271,0.356999999999999,78.628,79.937,-1.58499999999999,78.352,78
05/01/26 ,10:53,78.181,0.576999999999998,78.758,80.175,-1.69799999999999,78.477,78
05/01/26 ,10:54,78.457,0.606000000000009,79.063,80.352,-1.985,78.367,78
05/01/26 ,10:55,77.696,0.722999999999999,78.419,80.55,-2.20699999999999,78.343,78
05/01/26 ,10:56,77.812,0.0330000000000013,77.845,80.527,-2.315,78.212,78
05/01/26 ,10:57,78.35,-0.152000000000001,78.198,80.343,-2.325,78.018,78
05/01/26 ,10:58,77.953,0.0600000000000023,78.013,80.215,-2.27000000000001,77.945,78
05/01/26 ,10:59,77.882,0.358999999999995,78.241,79.993,-2.211,77.782,78
05/01/26 ,11:00,78.11,0.938000000000002,79.048,79.682,-2.03400000000001,77.648,78
05/01/26 ,11:01,77.778,0.653999999999996,78.432,79.733,-2.226,77.507,78
05/01/26 ,11:02,77.653,0.238,77.891,79.63,-2.193,77.437,78
05/01/26 ,11:03,77.53,0.158999999999992,77.689,79.538,-2.018,77.52,78
05/01/26 ,11:04,77.738,0.00900000000000034,77.747,79.585,-2.252,77.333,78
05/01/26 ,11:05,78.352,-0.171999999999997,78.18,79.468,-1.955,77.513,78
05/01/26 ,11:06,78.702,-0.230000000000004,78.472,79.522,-1.855,77.667,78
05/01/26 ,11:07,78.016,0.303999999999988,78.32,79.62,-2.00200000000001,77.618,78
05/01/26 ,11:08,77.632,0.366,77.998,79.363,-1.733,77.63,78
05/01/26 ,11:09,77.466,0.154000000000011,77.62,79.205,-1.818,77.387,78
05/01/26 ,11:10,77.236,0.356999999999999,77.593,79.252,-1.952,77.3,78
05/01/26 ,11:11,77.374,0.244,77.618,79.32,-2.05699999999999,77.263,78
05/01/26 ,11:12,77.66,-0.167000000000002,77.493,79.45,-2.40000000000001,77.05,78
05/01/26 ,11:13,77.579,-0.0879999999999939,77.491,79.538,-2.5,77.038,78
05/01/26 ,11:14,77.907,0.572000000000003,78.479,79.5,-2.39700000000001,77.103,78
05/01/26 ,11:15,77.892,0.739000000000004,78.631,79.612,-2.28,77.332,78
05/01/26 ,11:16,77.324,-0.0309999999999917,77.293,79.83,-2.367,77.463,78
05/01/26 ,11:17,77.436,-0.215000000000003,77.221,79.7,-2.30500000000001,77.395,78
05/01/26 ,11:18,77.858,-0.0420000000000016,77.816,79.582,-2.23399999999999,77.348,78
05/01/26 ,11:19,77.747,0.421999999999997,78.169,79.675,-2.337,77.338,78
05/01/26 ,11:20,77.795,0.105999999999995,77.901,79.697,-2.604,77.093,78
05/01/26 ,11:21,77.412,0.378999999999991,77.791,79.693,-2.79299999999999,76.9,78
05/01/26 ,11:22,77.586,0.307000000000002,77.893,79.797,-2.89699999999999,76.9,78
05/01/26 ,11:23,77.419,0.102000000000004,77.521,79.718,-2.893,76.825,78
05/01/26 ,11:24,77.82,0.313000000000002,78.133,79.782,-2.997,76.785,78
05/01/26 ,11:25,78.098,0.692999999999998,78.791,79.663,-2.82599999999999,76.837,78
05/01/26 ,11:26,77.886,0.535000000000011,78.421,79.548,-2.511,77.037,78
05/01/26 ,11:27,78.032,0.471000000000004,78.503,79.4,-2.06800000000001,77.332,78
05/01/26 ,11:28,78.187,0.747,78.934,79.278,-1.79600000000001,77.482,78
05/01/26 ,11:29,77.943,0.787999999999997,78.731,79.025,-1.512,77.513,78
05/01/26 ,11:30,77.947,0.310999999999993,78.258,78.678,-1.078,77.6,78
05/01/26 ,11:31,77.509,0.155000000000001,77.664,78.77,-1.208,77.562,78
05/01/26 ,11:32,77.66,0.165000000000006,77.825,78.848,-1.3,77.548,78
05/01/26 ,11:33,77.688,0.215999999999994,77.904,78.723,-1.468,77.255,78
05/01/26 ,11:34,77.677,0.128999999999991,77.806,78.955,-2.03999999999999,76.915,78
05/01/26 ,11:35,77.605,-0.15100000000001,77.454,79.118,-2.22,76.898,78
05/01/26 ,11:36,78.203,-0.316000000000003,77.887,79.288,-2.255,77.033,78
05/01/26 ,11:37,77.586,0.552000000000007,78.138,79.52,-2.345,77.175,78
05/01/26 ,11:38,77.678,0.286000000000001,77.964,79.47,-2.08499999999999,77.385,78
05/01/26 ,11:39,77.483,-0.0859999999999985,77.397,79.637,-2.23699999999999,77.4,78
05/01/26 ,11:40,77.721,-0.420000000000002,77.301,79.933,-2.31100000000001,77.622,78
05/01/26 ,11:41,78.065,-0.468999999999994,77.596,79.743,-2.15599999999999,77.587,78
05/01/26 ,11:42,78.338,-0.0139999999999958,78.324,79.977,-2.429,77.548,78
05/01/26 ,11:43,77.708,0.338000000000008,78.046,80.393,-3.05,77.343,78
05/01/26 ,11:44,77.882,-0.0430000000000064,77.839,80.57,-3.288,77.282,78
05/01/26 ,11:45,77.881,0.242000000000004,78.123,80.725,-3.375,77.35,78
05/01/26 ,11:46,78.156,0.0240000000000009,78.18,80.548,-2.93000000000001,77.618,78
05/01/26 ,11:47,78.23,-0.173000000000002,78.057,80.575,-2.875,77.7,78
05/01/26 ,11:48,78.22,-0.0390000000000015,78.181,80.767,-3.015,77.752,78
05/01/26 ,11:49,78.451,0.224000000000004,78.675,80.662,-2.80500000000001,77.857,78
05/01/26 ,11:50,78.356,0.481999999999999,78.838,80.46,-2.74799999999999,77.712,78
05/01/26 ,11:51,77.567,0.698000000000008,78.265,80.3,-2.56699999999999,77.733,78
05/01/26 ,11:52,78.038,0.39800000000001,78.436,80.37,-2.78800000000001,77.582,78
05/01/26 ,11:53,78.049,-0.0500000000000114,77.999,80.462,-2.86200000000001,77.6,78
05/01/26 ,11:54,77.943,-0.0139999999999958,77.929,80.397,-2.679,77.718,78
05/01/26 ,11:55,78.232,1.143,79.375,80.168,-2.411,77.757,78
05/01/26 ,11:56,78.419,0.147000000000006,78.566,80.137,-2.11199999999999,78.025,78
05/01/26 ,11:57,78.403,0.215999999999994,78.619,80.313,-2.033,78.28,78
05/01/26 ,11:58,77.451,0.666000000000011,78.117,80.537,-2.18900000000001,78.348,78
05/01/26 ,11:59,77.181,0.238,77.419,80.6,-2.187,78.413,78
05/01/26 ,12:00,78.318,0.149000000000001,78.467,80.633,-2.17,78.463,78
05/01/26 ,12:01,78.448,-0.0149999999999864,78.433,80.732,-2.28,78.452,78
05/01/26 ,12:02,78.032,0.0230000000000103,78.055,81.17,-2.58500000000001,78.585,78
05/01/26 ,12:03,77.789,0.114000000000004,77.903,81.1,-2.387,78.713,78
05/01/26 ,12:04,78.086,0.564999999999998,78.651,81.082,-2.22999999999999,78.852,78
05/01/26 ,12:05,77.792,0.509,78.301,81.057,-2.024,79.033,78
05/01/26 ,12:06,77.683,0.264999999999986,77.948,81.015,-2.015,79,78
05/01/26 ,12:07,78.005,0.243000000000009,78.248,80.943,-1.905,79.038,78
05/01/26 ,12:08,78.606,-0.0159999999999911,78.59,80.708,-1.69,79.018,78
05/01/26 ,12:09,78.684,0.25200000000001,78.936,80.382,-1.30000000000001,79.082,78
05/01/26 ,12:10,78.84,0.500999999999991,79.341,80.248,-1.521,78.727,78
05/01/26 ,12:11,78.284,0.431999999999988,78.716,80.293,-1.843,78.45,78
05/01/26 ,12:12,77.92,0.283000000000001,78.203,80.318,-2.09999999999999,78.218,78
05/01/26 ,12:13,77.639,0.0670000000000073,77.706,80.457,-2.214,78.243,78
05/01/26 ,12:14,77.619,0.0859999999999985,77.705,80.787,-2.637,78.15,78
05/01/26 ,12:15,77.816,-0.356999999999999,77.459,81.142,-3.184,77.958,78
05/01/26 ,12:16,78.463,-0.418999999999997,78.044,81.507,-3.774,77.733,78
05/01/26 ,12:17,77.939,0.542000000000002,78.481,81.643,-3.768,77.875,78
05/01/26 ,12:18,77.81,0.450000000000003,78.26,81.342,-3.42699999999999,77.915,78
05/01/26 ,12:19,77.459,0.247,77.706,80.968,-3.125,77.843,78
05/01/26 ,12:20,77.184,0.674999999999997,77.859,80.697,-2.93000000000001,77.767,78
05/01/26 ,12:21,77.708,0.227000000000004,77.935,80.392,-2.499,77.893,78
05/01/26 ,12:22,78.559,-0.0729999999999933,78.486,80.112,-2.045,78.067,78
05/01/26 ,12:23,78.3,0.412999999999997,78.713,79.792,-1.84400000000001,77.948,78
05/01/26 ,12:24,77.623,0.25,77.873,79.785,-1.76299999999999,78.022,78
05/01/26 ,12:25,77.347,0.649000000000001,77.996,79.743,-1.63799999999999,78.105,78
05/01/26 ,12:26,78.035,0.143000000000001,78.178,79.803,-1.788,78.015,78
05/01/26 ,12:27,77.823,0.0910000000000082,77.914,79.938,-1.995,77.943,78
05/01/26 ,12:28,77.369,0.951999999999998,78.321,80.052,-2.20400000000001,77.848,78
05/01/26 ,12:29,77.714,0.808000000000007,78.522,80.113,-2.331,77.782,78
05/01/26 ,12:30,77.751,0.113,77.864,80.388,-2.74000000000001,77.648,78
05/01/26 ,12:31,78.127,-0.180999999999997,77.946,80.462,-2.919,77.543,78
05/01/26 ,12:32,77.809,0.146000000000001,77.955,80.652,-3.05200000000001,77.6,78
05/01/26 ,12:33,77.433,0.0629999999999882,77.496,80.487,-2.91199999999999,77.575,78
05/01/26 ,12:34,77.316,0.0939999999999941,77.41,80.33,-2.682,77.648,78
05/01/26 ,12:35,76.845,0.710000000000008,77.555,80.087,-2.354,77.733,78
05/01/26 ,12:36,77.796,-0.445000000000007,77.351,79.845,-2.008,77.837,78
05/01/26 ,12:37,78.252,-0.816999999999993,77.435,79.455,-1.55499999999999,77.9,78
05/01/26 ,12:38,78.164,-0.584000000000003,77.58,79.248,-1.485,77.763,78
05/01/26 ,12:39,78.07,-0.0119999999999862,78.058,79.25,-1.532,77.718,78
05/01/26 ,12:40,77.702,0.233000000000004,77.935,79.777,-2.14400000000001,77.633,78
05/01/26 ,12:41,77.121,0.602000000000004,77.723,80.137,-2.45,77.687,78
05/01/26 ,12:42,77.683,-0.111000000000004,77.572,80.337,-2.992,77.345,78
05/01/26 ,12:43,78.168,-0.534000000000006,77.634,80.328,-3.105,77.223,78
05/01/26 ,12:44,77.839,-0.245000000000005,77.594,80.433,-3.33600000000001,77.097,78
05/01/26 ,12:45,77.889,0.113,78.002,80.382,-3.32000000000001,77.062,78
05/01/26 ,12:46,77.99,0.399000000000001,78.389,79.868,-2.71599999999999,77.152,78
05/01/26 ,12:47,77.624,0.490000000000009,78.114,79.363,-2.22,77.143,78
05/01/26 ,12:48,77.295,0.661999999999992,77.957,79.182,-2.11500000000001,77.067,78
05/01/26 ,12:49,77.295,0.396000000000001,77.691,79.005,-1.868,77.137,78
05/01/26 ,12:50,77.626,-0.320999999999998,77.305,79.17,-1.733,77.437,78
05/01/26 ,12:51,78.5,-0.304000000000002,78.196,79.2,-1.813,77.387,78
05/01/26 ,12:52,77.742,0.211999999999989,77.954,79.303,-2.07299999999999,77.23,78
05/01/26 ,12:53,77.154,0.835000000000008,77.989,79.797,-2.64,77.157,78
05/01/26 ,12:54,77.553,0.378,77.931,80.015,-2.66,77.355,78
05/01/26 ,12:55,76.963,0.423000000000002,77.386,80.057,-2.5,77.557,78
05/01/26 ,12:56,77.716,0.054000000000002,77.77,80.182,-2.479,77.703,78
05/01/26 ,12:57,78.591,-0.48899999999999,78.102,80.018,-2.22,77.798,78
05/01/26 ,12:58,78.319,-0.603000000000009,77.716,79.982,-1.842,78.14,78
05/01/26 ,12:59,78.091,-0.0809999999999889,78.01,79.868,-1.52499999999999,78.343,78
05/01/26 ,13:00,78.047,0.188000000000002,78.235,79.648,-1.211,78.437,78
05/01/26 ,13:01,77.708,0.311999999999998,78.02,79.752,-1.345,78.407,78
05/01/26 ,13:02,77.251,0.631999999999991,77.883,79.867,-1.649,78.218,78
05/01/26 ,13:03,76.968,0.310999999999993,77.279,79.762,-1.557,78.205,78
05/01/26 ,13:04,77.487,-0.0719999999999885,77.415,79.785,-1.81,77.975,78
05/01/26 ,13:05,77.683,0.0499999999999972,77.733,80.05,-2.23699999999999,77.813,78
05/01/26 ,13:06,78.129,-0.0960000000000036,78.033,80.403,-2.488,77.915,78
05/01/26 ,13:07,77.89,0.400000000000006,78.29,80.52,-2.795,77.725,78
05/01/26 ,13:08,77.777,0.507999999999996,78.285,80.348,-2.39,77.958,78
05/01/26 ,13:09,78.049,0.0809999999999889,78.13,80.413,-2.24,78.173,78
05/01/26 ,13:10,77.569,0.521000000000001,78.09,80.477,-2.26000000000001,78.217,78
05/01/26 ,13:11,72.954,1.22800000000001,74.182,62.775,4.26500000000001,67.04,78
05/01/26 ,13:12,50.334,1.243,51.577,38.643,1.335,39.978,78
05/01/26 ,13:13,38.447,0.0779999999999959,38.525,38.843,-0.128,38.715,37
05/01/26 ,13:14,37.598,0.282000000000004,37.88,38.748,-0.787999999999997,37.96,37
05/01/26 ,13:15,37.395,0.375999999999998,37.771,38.7,-1.13200000000001,37.568,37
05/01/26 ,13:16,37.475,0.329999999999998,37.805,38.597,-1.249,37.348,37
05/01/26 ,13:17,36.748,0.103000000000002,36.851,38.348,-1.218,37.13,37
05/01/26 ,13:18,36.964,0.402999999999999,37.367,38.13,-1.233,36.897,37
05/01/26 ,13:19,37.289,0.168999999999997,37.458,38.007,-1.395,36.612,37
05/01/26 ,13:20,37.589,-0.274999999999999,37.314,37.8,-1.552,36.248,37
05/01/26 ,13:21,37.296,0.0570000000000022,37.353,37.857,-1.482,36.375,37
05/01/26 ,13:22,37.222,0.0279999999999987,37.25,37.867,-1.437,36.43,37
05/01/26 ,13:23,37.098,0.25,37.348,37.957,-1.639,36.318,37
05/01/26 ,13:24,36.625,0.488,37.113,38,-1.585,36.415,37
05/01/26 ,13:25,36.401,0.529999999999994,36.931,38.057,-1.795,36.262,37
05/01/26 ,13:26,36.794,0.105000000000004,36.899,38.085,-1.785,36.3,37
05/01/26 ,13:27,37.619,0.116,37.735,38.22,-1.92,36.3,37
05/01/26 ,13:28,38.066,0.169999999999995,38.236,38.118,-1.8,36.318,37
05/01/26 ,13:29,37.064,0.526000000000003,37.59,38.218,-1.81800000000001,36.4,37
05/01/26 ,13:30,36.867,0.460000000000001,37.327,38.403,-2.106,36.297,37
05/01/26 ,13:31,36.541,0.332000000000001,36.873,38.538,-2.33799999999999,36.2,37
05/01/26 ,13:32,37.132,0.439,37.571,38.585,-2.318,36.267,37
05/01/26 ,13:33,37.654,0.300999999999995,37.955,38.6,-2.268,36.332,37
05/01/26 ,13:34,36.937,0.163000000000004,37.1,38.482,-2.085,36.397,37
05/01/26 ,13:35,36.823,0.844000000000001,37.667,38.425,-2.143,36.282,37
05/01/26 ,13:36,37.095,0.832000000000001,37.927,38.215,-1.93000000000001,36.285,37
05/01/26 ,13:37,37.268,0.673000000000002,37.941,38.182,-1.825,36.357,37
05/01/26 ,13:38,36.927,0.509,37.436,37.963,-1.426,36.537,37
05/01/26 ,13:39,36.993,-0.0800000000000054,36.913,37.843,-1.3,36.543,37
05/01/26 ,13:40,37.295,-0.304000000000002,36.991,37.903,-1.455,36.448,37
05/01/26 ,13:41,37.51,-0.219999999999999,37.29,38.057,-1.714,36.343,37
05/01/26 ,13:42,37.198,0.476999999999997,37.675,38.17,-1.955,36.215,37
05/01/26 ,13:43,37.264,1.026,38.29,38.282,-2.044,36.238,37
05/01/26 ,13:44,37.132,0.867000000000004,37.999,38.303,-2.188,36.115,37
05/01/26 ,13:45,36.859,0.826000000000001,37.685,38.457,-2.45,36.007,37
05/01/26 ,13:46,37.212,0.375,37.587,38.482,-2.682,35.8,37
05/01/26 ,13:47,37.332,-0.128,37.204,38.343,-2.411,35.932,37
05/01/26 ,13:48,37.161,0.000999999999997669,37.162,38.13,-1.978,36.152,37
05/01/26 ,13:49,37.223,1.049,38.272,38.157,-1.882,36.275,37
05/01/26 ,13:50,37.478,1.1,38.578,38.267,-1.91500000000001,36.352,37
05/01/26 ,13:51,36.989,0.974000000000004,37.963,38.257,-1.7,36.557,37
05/01/26 ,13:52,36.942,0.926000000000002,37.868,38.352,-1.63,36.722,37
05/01/26 ,13:53,37.281,0.524000000000001,37.805,38.457,-1.557,36.9,37
05/01/26 ,13:54,37.517,0.0339999999999989,37.551,38.57,-1.6,36.97,37
05/01/26 ,13:55,37.308,-0.128,37.18,38.718,-1.6,37.118,37
05/01/26 ,13:56,37.113,0.683,37.796,38.73,-1.47799999999999,37.252,37
05/01/26 ,13:57,37.36,0.847999999999999,38.208,38.582,-1.32,37.262,37
05/01/26 ,13:58,37.477,0.661000000000001,38.138,38.467,-1.237,37.23,37
05/01/26 ,13:59,37.662,0.669000000000004,38.331,38.518,-1.361,37.157,37
05/01/26 ,14:00,37.31,0.335000000000001,37.645,38.652,-1.537,37.115,37
05/01/26 ,14:01,37.205,-0.109000000000002,37.096,38.682,-1.639,37.043,37
05/01/26 ,14:02,37.036,0.284999999999997,37.321,38.563,-1.545,37.018,37
05/01/26 ,14:03,37.224,0.493000000000002,37.717,38.475,-1.45,37.025,37
05/01/26 ,14:04,37.518,0.396999999999998,37.915,38.755,-1.788,36.967,37
05/01/26 ,14:05,37.359,0.414000000000002,37.773,38.938,-1.981,36.957,37
05/01/26 ,14:06,37.082,0.912999999999997,37.995,38.968,-1.916,37.052,37
05/01/26 ,14:07,36.763,0.676000000000002,37.439,38.917,-1.837,37.08,37
05/01/26 ,14:08,37.299,-0.333999999999996,36.965,39.052,-1.937,37.115,37
05/01/26 ,14:09,37.264,-0.054000000000002,37.21,39.1,-2.057,37.043,37
05/01/26 ,14:10,37.53,0.335000000000001,37.865,39.015,-1.948,37.067,37
05/01/26 ,14:11,37.406,0.670999999999999,38.077,39.018,-1.943,37.075,37
05/01/26 ,14:12,36.879,0.553000000000004,37.432,38.982,-1.782,37.2,37
05/01/26 ,14:13,36.773,0.312999999999995,37.086,38.962,-1.819,37.143,37
05/01/26 ,14:14,37.053,0.359000000000002,37.412,38.948,-1.815,37.133,37
05/01/26 ,14:15,36.941,0.0120000000000005,36.953,38.825,-1.725,37.1,37
05/01/26 ,14:16,36.839,-0.123999999999995,36.715,38.837,-1.737,37.1,37
05/01/26 ,14:17,36.77,0.364999999999995,37.135,38.768,-1.668,37.1,37
05/01/26 ,14:18,36.937,1.01300000000001,37.95,38.515,-1.397,37.118,37
05/01/26 ,14:19,36.885,1.238,38.123,38.425,-1.318,37.107,37
05/01/26 ,14:20,36.856,0.661000000000001,37.517,38.215,-1.248,36.967,37
05/01/26 ,14:21,36.672,0.632000000000005,37.304,38.162,-1.262,36.9,37
05/01/26 ,14:22,36.926,-0.0330000000000013,36.893,38.097,-1.249,36.848,37
05/01/26 ,14:23,37.102,-0.123999999999995,36.978,38.018,-1.143,36.875,37
05/01/26 ,14:24,37.881,-0.213999999999999,37.667,38.152,-1.134,37.018,37
05/01/26 ,14:25,37.507,0.700000000000003,38.207,38.2,-1.082,37.118,37
05/01/26 ,14:26,36.753,0.776000000000003,37.529,38.185,-0.984999999999999,37.2,37
05/01/26 ,14:27,36.299,0.981999999999999,37.281,38.282,-0.988999999999997,37.293,37
05/01/26 ,14:28,36.353,0.875,37.228,38.163,-0.662999999999997,37.5,37
05/01/26 ,14:29,36.532,0.748000000000005,37.28,38.095,-0.594999999999999,37.5,37
05/01/26 ,14:30,37.061,0.0859999999999985,37.147,38.133,-0.651000000000003,37.482,37
05/01/26 ,14:31,37.827,-0.998999999999995,36.828,38.025,-0.681999999999995,37.343,37
05/01/26 ,14:32,37.331,-0.0830000000000055,37.248,37.867,-0.669999999999995,37.197,37
05/01/26 ,14:33,36.588,0.287999999999997,36.876,37.957,-0.950000000000003,37.007,37
05/01/26 ,14:34,36.803,0.112000000000002,36.915,38.018,-1.203,36.815,37
05/01/26 ,14:35,37.576,-0.167999999999999,37.408,38.025,-1.325,36.7,37
05/01/26 ,14:36,37.068,0.361000000000004,37.429,37.848,-1.251,36.597,37
05/01/26 ,14:37,36.817,0.357999999999997,37.175,37.818,-1.431,36.387,37
05/01/26 ,14:38,36.707,-0.250999999999998,36.456,37.852,-1.552,36.3,37
05/01/26 ,14:39,37.156,0.140999999999998,37.297,37.963,-1.645,36.318,37
05/01/26 ,14:40,37.27,0.598999999999997,37.869,37.8,-1.348,36.452,37
05/01/26 ,14:41,36.608,0.645000000000003,37.253,37.838,-1.338,36.5,37
05/01/26 ,14:42,36.514,0.193999999999996,36.708,37.937,-1.419,36.518,37
05/01/26 ,14:43,36.685,0.253,36.938,38,-1.307,36.693,37
05/01/26 ,14:44,36.729,0.188000000000002,36.917,37.985,-1.17,36.815,37
05/01/26 ,14:45,36.553,0.491,37.044,38.1,-1.357,36.743,37
05/01/26 ,14:46,36.749,0.771000000000001,37.52,38.015,-1.315,36.7,37
05/01/26 ,14:47,36.378,1.212,37.59,37.962,-1.319,36.643,37
05/01/26 ,14:48,36.469,0.579000000000001,37.048,37.882,-1.179,36.703,37
05/01/26 ,14:49,36.491,0.393999999999998,36.885,37.918,-1.193,36.725,37
05/01/26 ,14:50,37.123,-0.0210000000000008,37.102,38.052,-1.434,36.618,37
05/01/26 ,14:51,37.687,0.411000000000001,38.098,38.043,-1.343,36.7,37
05/01/26 ,14:52,36.866,1.065,37.931,38,-1.215,36.785,37
05/01/26 ,14:53,36.914,0.856000000000002,37.77,38.113,-1.351,36.762,37
05/01/26 ,14:54,37.349,0.0770000000000053,37.426,38.182,-1.504,36.678,37
05/01/26 ,14:55,36.886,0.265999999999998,37.152,38.063,-1.63800000000001,36.425,37
05/01/26 ,14:56,36.628,0.558999999999998,37.187,37.952,-1.549,36.403,37
05/01/26 ,14:57,37.651,0.0749999999999957,37.726,37.962,-1.53700000000001,36.425,37
05/01/26 ,14:58,36.971,0.596000000000004,37.567,37.93,-1.493,36.437,37
05/01/26 ,14:59,37.156,0.472000000000001,37.628,37.8,-1.3,36.5,37
05/01/26 ,15:00,37.464,0.582999999999998,38.047,37.715,-1.3,36.415,37
05/01/26 ,15:01,37.057,0.558999999999998,37.616,37.757,-1.319,36.438,37
05/01/26 ,15:02,36.834,0.373999999999995,37.208,37.937,-1.452,36.485,37
05/01/26 ,15:03,36.447,0.350999999999999,36.798,37.868,-1.368,36.5,37
05/01/26 ,15:04,36.354,0.545999999999999,36.9,37.615,-1.115,36.5,37
05/01/26 ,15:05,37.376,0.109999999999999,37.486,37.657,-1.09999999999999,36.557,37
05/01/26 ,15:06,37.164,0.0189999999999984,37.183,37.615,-1.033,36.582,37
05/01/26 ,15:07,37.368,-0.0519999999999996,37.316,37.6,-1.082,36.518,37
05/01/26 ,15:08,37.784,-0.0609999999999999,37.723,37.652,-1.052,36.6,37
05/01/26 ,15:09,37.056,0.552,37.608,37.718,-1.175,36.543,37
05/01/26 ,15:10,36.524,0.866,37.39,38.022,-1.607,36.415,37
05/01/26 ,15:11,36.68,0.363,37.043,38.043,-1.661,36.382,37
05/01/26 ,15:12,37.214,-0.469999999999999,36.744,38.173,-1.873,36.3,37
05/01/26 ,15:13,37.754,-0.478999999999999,37.275,38.457,-2.1,36.357,37
05/01/26 ,15:14,37.419,0.199000000000005,37.618,38.57,-2.24,36.33,37
05/01/26 ,15:15,37.248,0.345000000000006,37.593,38.7,-2.44300000000001,36.257,37
05/01/26 ,15:16,36.941,0.361999999999995,37.303,38.597,-2.245,36.352,37
05/01/26 ,15:17,36.922,0.358000000000004,37.28,38.557,-2.157,36.4,37
05/01/26 ,15:18,37.267,-0.381,36.886,38.652,-2.27,36.382,37
05/01/26 ,15:19,36.979,-0.140000000000001,36.839,38.587,-2.28700000000001,36.3,37
05/01/26 ,15:20,37.155,-0.213999999999999,36.941,38.433,-2.081,36.352,37
05/01/26 ,15:21,37.139,-0.0410000000000039,37.098,38.367,-1.91,36.457,37
05/01/26 ,15:22,36.945,0.732999999999997,37.678,38.348,-1.881,36.467,37
05/01/26 ,15:23,36.565,0.868000000000002,37.433,38.3,-1.77999999999999,36.52,37
05/01/26 ,15:24,36.507,0.57,37.077,38.318,-1.866,36.452,37
05/01/26 ,15:25,37.012,0.494999999999997,37.507,38.382,-1.844,36.538,37
05/01/26 ,15:26,37.22,-0.205999999999996,37.014,38.23,-1.848,36.382,37
05/01/26 ,15:27,37.35,-0.311,37.039,38.175,-1.83199999999999,36.343,37
05/01/26 ,15:28,37.141,-0.0919999999999988,37.049,38.333,-2,36.333,37
05/01/26 ,15:29,37.202,0.277999999999999,37.48,38.243,-2,36.243,37
05/01/26 ,15:30,37.252,0.285999999999994,37.538,38.097,-1.915,36.182,37
05/01/26 ,15:31,36.554,0.646000000000001,37.2,37.943,-1.861,36.082,37
05/01/26 ,15:32,36.717,0.252000000000002,36.969,37.952,-1.9,36.052,37
05/01/26 ,15:33,37.162,-0.128,37.034,37.962,-1.937,36.025,37
05/01/26 ,15:34,37.433,-0.281999999999997,37.151,37.878,-1.978,35.9,37
05/01/26 ,15:35,37.249,0.367999999999995,37.617,37.643,-1.743,35.9,37
05/01/26 ,15:36,37.461,0.292999999999999,37.754,37.633,-1.648,35.985,37
05/01/26 ,15:37,37.204,0.192999999999998,37.397,37.657,-1.544,36.113,37
05/01/26 ,15:38,36.521,0.829000000000001,37.35,37.803,-1.60299999999999,36.2,37
05/01/26 ,15:39,36.158,0.756,36.914,37.862,-1.625,36.237,37
05/01/26 ,15:40,36.796,-0.0240000000000009,36.772,37.933,-1.378,36.555,37
05/01/26 ,15:41,37.402,0.0420000000000016,37.444,37.862,-1.162,36.7,37
05/01/26 ,15:42,37.601,-0.0180000000000007,37.583,37.985,-1.182,36.803,37
05/01/26 ,15:43,37.529,0.291999999999995,37.821,38.037,-1.08,36.957,37
05/01/26 ,15:44,37.849,0.379000000000005,38.228,38.167,-1.167,37,37
05/01/26 ,15:45,37.527,0.262999999999998,37.79,38.238,-1.238,37,37
05/01/26 ,15:46,37.347,-0.0300000000000011,37.317,38.097,-1.234,36.863,37
05/01/26 ,15:47,37.371,-0.103999999999999,37.267,38.018,-1.18,36.838,37
05/01/26 ,15:48,37.595,0.164000000000001,37.759,38.27,-1.38500000000001,36.885,37
05/01/26 ,15:49,37.879,0.202000000000005,38.081,38.223,-1.341,36.882,37
05/01/26 ,15:50,37.764,0.223999999999997,37.988,38.267,-1.51900000000001,36.748,37
05/01/26 ,15:51,37.082,0.57,37.652,38.243,-1.505,36.738,37
05/01/26 ,15:52,36.447,1.005,37.452,38.337,-1.515,36.822,37
05/01/26 ,15:53,36.7,0.919999999999995,37.62,38.475,-1.493,36.982,37
05/01/26 ,15:54,37.229,0.265999999999998,37.495,38.497,-1.734,36.763,37
05/01/26 ,15:55,37.418,0.259999999999998,37.678,38.362,-1.587,36.775,37
05/01/26 ,15:56,37.384,0.378999999999998,37.763,38.555,-1.622,36.933,37
05/01/26 ,15:57,37.33,0.620000000000005,37.95,38.643,-1.666,36.977,37
05/01/26 ,15:58,37.22,0.375999999999998,37.596,38.615,-1.578,37.037,37
05/01/26 ,15:59,36.665,0.688000000000002,37.353,38.482,-1.495,36.987,37
05/01/26 ,16:00,36.755,0.820999999999998,37.576,38.418,-1.57,36.848,37
05/01/26 ,16:01,37.245,-0.119999999999997,37.125,38.425,-1.625,36.8,37
05/01/26 ,16:02,37.8,-0.581999999999994,37.218,38.3,-1.65499999999999,36.645,37
05/01/26 ,16:03,37.318,-0.224999999999994,37.093,38.262,-1.819,36.443,37
05/01/26 ,16:04,37.09,0.735999999999997,37.826,38.185,-1.8,36.385,37
05/01/26 ,16:05,36.915,0.887999999999998,37.803,37.783,-1.783,36,37
